path	lines	sha256	category	ownership	overlapPRs	receipt
packages/desktop/src/host/automationModelSelection.ts	28	23d9f25b9737412d03ffb714ab09151b5c163a2e8f87c5eb8cd3113a77afbbf8	UNCOVERED	G-small-unallocated	-	-
packages/desktop/src/host/browserControlMainBridge.ts	406	dbb922f5cccfd0f69ae2f2d7306703b1461aaa99c4c61a69d24185a72557b0a7	CANDIDATE	G-prior-complete	-	licensing/evidence/desktop-host-behavior-owners-20261003/final-source-bindings.json
packages/desktop/src/host/browserRecordingArtifactMaterializer.ts	65	bdd72be0b986e402750b8e4d3f7ea5cce7e120ff6b424c18fd2c215f9db6e946	CANDIDATE	G-prior-complete	-	licensing/evidence/desktop-host-resource-owners-20261003/final-source-bindings.json
packages/desktop/src/host/cronRunLifecycle.ts	138	770caf6291821f0b8f46f964567d5a4c8cce306a95b30ceff013a0918318093b	CANDIDATE	G-prior-complete	-	licensing/evidence/desktop-cron-claim-owner-20261003/final-retained-bindings.json
packages/desktop/src/host/databaseStartupCoordinator.ts	169	d2b27354ef1f6cd2911a5e77c73a7cef71200ee96f755c98b13e40680a85363b	HOLD	excluded/HOLD	-	-
packages/desktop/src/host/e2eCoverage.ts	18	1c84b852f2079ef367a6effc112542f15a7fbf667bf2065d687f8d782c6e1ad4	UNCOVERED	G-small-unallocated	-	-
packages/desktop/src/host/electronPort.ts	30	4c80188403e2bfced74f6c806697de5c144b5850807bad903f81ea4e157cb86c	GLUE	G-small-unallocated	-	-
packages/desktop/src/host/hostAgentResourceTelemetry.ts	35	5e0dfbc97cb388e8388bae3e2ed234b30ecb5b34a7c789c8a8dc7ad1ec42eabc	UNCOVERED	G-small-unallocated	-	-
packages/desktop/src/host/hostDatabaseStartup.ts	139	5622e1d91de0a29433fe4cdeabcae571e557034338354e628e0fee3581f7468d	HOLD	excluded/HOLD	-	-
packages/desktop/src/host/hostInitialization.ts	35	a257ec8505b35592a8dd9099bc83532074d3ed10261e58afb07f7df8ceac271a	UNCOVERED	G-small-unallocated	-	-
packages/desktop/src/host/hostLog.ts	57	1deb15f081ae0041cddef7382ac8f85c0d60590f2132a5aee3f5969ec7bb1166	UNCOVERED	G-small-unallocated	-	-
packages/desktop/src/host/hostMcpResourceTelemetry.ts	23	e00ba83e8caae193fb1df82e39f0c609cdf1c93ad7cbec4f2ccef3998c4dca64	UNCOVERED	G-small-unallocated	-	-
packages/desktop/src/host/hostMcpTelemetry.ts	24	113b798da410ee2dc5e9979b13dfe08a8ce35d8fe002c1b5ca9f2bfcb906f4d0	UNCOVERED	G-small-unallocated	-	-
packages/desktop/src/host/hostMemoryDiagnosticsLog.ts	114	69b8b342d087566da98b55dfe33671dce10b35e83d143e2e7d92d957e11dfea4	UNCOVERED	G-small-unallocated	-	-
packages/desktop/src/host/hostMessagePortGuard.ts	41	894a5652fa85f14ed4c7fb121436280abf47e2c19627088812513fc53628318b	UNCOVERED	G-small-unallocated	-	-
packages/desktop/src/host/hostNetworkTelemetry.ts	54	f57078a89bed0f0d1af0d994fca271405b803958285f40a93ebaf4f9205adbe6	UNCOVERED	G-small-unallocated	-	-
packages/desktop/src/host/hostRemoteWorkspaceProxyState.ts	129	cc294aa9dee4c494fb78fb7d78fb2cf52fb2bb353f183bdb2bfdd5dfb77fbcbf	CANDIDATE	G-prior-complete	-	licensing/evidence/desktop-host-resource-owners-20261003/final-source-bindings.json
packages/desktop/src/host/hostResourceTelemetryEnvironment.ts	7	81254af64cc4da73c1ea6a7e50f52efe60f88fabf6de37902d009cb648f0fac2	GLUE	G-small-unallocated	-	-
packages/desktop/src/host/hostResourceUsage.ts	101	d56cb585f9744eb48f2b0d802e1cd80fa7d0ba3361a3b9c492a6bdbd4aea50ca	UNCOVERED	G-small-unallocated	-	-
packages/desktop/src/host/hostSelfResourceTelemetry.ts	66	64170342d57f5f59b3c4e018da55d1588c9a979eed75937f8b4befc6ec4b19af	UNCOVERED	G-small-unallocated	-	-
packages/desktop/src/host/hostServiceResourceTelemetry.ts	105	b7940be828e754ba974775ce6561aa861b419179e81f232b713d4da4baa2cbce	UNCOVERED	G-small-unallocated	-	-
packages/desktop/src/host/hostSessionCreateTelemetry.ts	40	a43931a14c499575187b392367c3da4feedf52bf3e6dd0180a6f97bdfa1bfcf6	UNCOVERED	G-small-unallocated	-	-
packages/desktop/src/host/hostShutdownPhases.ts	65	25fb6fb4b4e62699f3fc800ba820640ec41c996022bc70b9b2f0a246fb75a1ab	UNCOVERED	G-small-unallocated	-	-
packages/desktop/src/host/hostToolExecResourceTelemetry.ts	21	d96d29e3ac48cc002257e622c45734498f86ff628849d28225db999a3515242e	UNCOVERED	G-small-unallocated	-	-
packages/desktop/src/host/hostUncaughtExceptionGuard.ts	33	eb1aa7f71e75f7af0a980bd505745b98a63d8fd32b9949be5d7650d2b253a5ba	UNCOVERED	G-small-unallocated	-	-
packages/desktop/src/host/hostWorkspaceTaskTracker.ts	86	c4646643653fd3e791b80ac3aba761372dc2c7d65d8094d0c5aa8f5c8ed1658c	UNCOVERED	G-small-unallocated	-	-
packages/desktop/src/host/index.ts	1888	020aaef083b63631e008d0d002f692e53657a3ba6ec2d7923061177b76fdbcab	CANDIDATE	G-prior-complete	-	licensing/evidence/desktop-host-index-owner-20261003/final-source-bindings.json
packages/desktop/src/host/legacyRemoteWorkspaceRpcContract.ts	44	ceb22696c5cc5065b17ec94b8dfdfaae939d6e772517fa9f0977c189ecab553d	GLUE	G-small-unallocated	-	-
packages/desktop/src/host/promptAttachmentTransferService.ts	175	3d7dc93679dde534d818a38510e07829e31f21bf4f9156e6ffc05f4a413d2fd7	HOLD	excluded/HOLD	-	-
packages/desktop/src/host/remoteMediaPreviewProxy.ts	379	9398f2fb356c39cec7394a8a4c5a8c562e4574d7dba22f9c6326081c2f2b2c4d	HOLD	excluded/HOLD	-	-
packages/desktop/src/host/remoteMediaPreviewProxyHelpers.ts	104	5b06e094218c5e9f5d41ed23e538e6c6df4ad5d6aca86d4dfb6a8b1e09847b26	HOLD	excluded/HOLD	-	-
packages/desktop/src/host/remotePromptAttachments.ts	297	f9165da562d254ef28ab8cd8d91b43509da565f1a8b9665d9a0261ee55af67f2	CANDIDATE	G-prior-complete	-	licensing/evidence/desktop-host-behavior-owners-20261003/final-source-bindings.json
packages/desktop/src/host/remoteWorkspaceServiceCollection.ts	209	4c245da1baa6184988d77add70ab0dc0c2c538f1aa8ada293e5d9cbedb595249	CANDIDATE	G-prior-complete	-	licensing/evidence/desktop-host-behavior-owners-20261003/final-source-bindings.json
packages/desktop/src/host/rpcLogLevel.ts	29	65fb177668f44093fcd689455199eb799686d61bd793c38dbc3ee0763e76cfc5	GLUE	G-small-unallocated	-	-
packages/desktop/src/host/startupDiskSampler.ts	180	db9b750549a9dd41433bc35410a83b767b72c6f1630ed48a5ee99703390ecf6c	CANDIDATE	G-prior-complete	-	licensing/evidence/desktop-storage-sampler-preparation-owners-20261003/final-retained-bindings.json
packages/desktop/src/host/storagePreparationProcesses.ts	260	dfeb17ef3dc26fe35f4d3d47e114b1314bc9e6f5e2a308aa9e70a0a24062519d	CANDIDATE	G-prior-complete	-	licensing/evidence/desktop-storage-sampler-preparation-owners-20261003/final-retained-bindings.json
packages/desktop/src/host/studioScheduleOutcome.ts	124	32bcc46002bca19b3dbc58a4731ea7629c4b1add6ae05cb66f86e0595b43ad52	HOLD	excluded/HOLD	-	-
packages/desktop/src/host/studioWorkflowSchedule.ts	40	62711d1acae4767ba34b0bb8d8eb87d2ee2ad27a85bc52e495271fbafc4460eb	HOLD	excluded/HOLD	-	-
packages/desktop/src/host/taskRealtimeBridge.ts	262	022571bef2930001b595aa2ce85c6b3045a64df242b846c231e00b7342b36d65	HOLD	excluded/HOLD	-	-
packages/desktop/src/host/tasksStorageWorker.ts	33	71326234a1188029d709b1311be71c9f4c1e5936f241031b8a6259afd3ce8e7e	UNCOVERED	G-small-unallocated	-	-
packages/desktop/src/host/windowHostAttachmentRegistry.ts	152	9ce91f68277fe785c1326d62cdecb5cd795e79151f8f917bd003b8f137d750b0	HOLD	excluded/HOLD	-	-
packages/desktop/src/host/windowHostControllerProjection.ts	556	9fed0b6e7fdc5852d9b73ffe0e9189a3b47cf082b586e9bdc416cc4e53ef5395	HOLD	excluded/HOLD	-	-
packages/desktop/src/host/windowHostControllerService.ts	803	a7ea7ce20468ca71692ca6cc960d2edb302870350e1cea5e8f65d289241a3879	HOLD	excluded/HOLD	-	-
packages/desktop/src/host/windowHostSessionsIndexObserver.ts	362	650e6346e6300730b5b9aab9c36fe374e7109764e48111762085cacf5846dd56	HOLD	excluded/HOLD	-	-
packages/desktop/src/host/windowRemoteConnectionRegistry.ts	700	08736fcc524e2eca3ea1be79446214d52308b6ce1065b0c7c102bb3b6f77e2d5	CANDIDATE	G-prior-complete	-	licensing/evidence/desktop-host-resource-owners-20261003/final-source-bindings.json
packages/desktop/src/main/about.ts	271	9797ce49841eb89b6ab64ce61c889839f37b7e98074762fcf559190f3b0d019b	UNCOVERED	root-active-PR12	12	-
packages/desktop/src/main/aboutWindow.ts	187	f95c664be0cd894815bfe8db5ba27d509a575c563a6d566363c130cbc42819a6	UNCOVERED	root-active-PR12	12	-
packages/desktop/src/main/appCrashCaptureBootstrap.ts	6	e529aaa8b18e1d2da4cccef6bafe0c080032f008e8750a841b22399c1be42de1	UNCOVERED	root-Main	-	-
packages/desktop/src/main/appShutdownPolicy.ts	52	f43ee3877a90dfad1a503e4eb59d4c2131896013d3fc15c45ff71c476fafe46c	UNCOVERED	root-Main	-	-
packages/desktop/src/main/applicationIcons.ts	269	ba6e4ac5719594df067c08a23e0499ba265c3957da1115bf82eb3324770cec9f	UNCOVERED	root-Main	-	-
packages/desktop/src/main/armsBrowserPerfLoadNudge.ts	56	d88a115e8062fae335fd570eb4bf4064f5f6671ac4f5feb35388fa21f21de219	UNCOVERED	root-Main	-	-
packages/desktop/src/main/armsEventRedaction.ts	118	14645d0cc4d60d0e893ea1ba58f0b416bfac7871c17cac94f34f42049bc976b9	UNCOVERED	root-Main	-	-
packages/desktop/src/main/broadcastHub.ts	196	a1216b85285bd6830b6c5afffe8e94b7e2b623882c127ffceedfd0e3374cf11e	HOLD	excluded/HOLD	-	-
packages/desktop/src/main/browserDataManager.ts	231	ae9807adfa89d3d2eb6a61ca08fa0dbbdeda68b50ff2630fe592afef645549b3	UNCOVERED	root-Main	-	-
packages/desktop/src/main/browserView/browserCloseTabNotification.ts	36	a5655b73e41c1af2d9ea0834a5fc323b6fd31132e1f6df288ce8c7fedc7d1670	UNCOVERED	root/excluded-browser	-	-
packages/desktop/src/main/browserView/browserCommandExecutor.ts	124	8e38357510ccb82ea43d57de7f5c105e31b815b926d7adad65946a5e2839fae1	CANDIDATE	G-prior-complete	-	licensing/evidence/desktop-browser-command-capture-owners-20261003/final-retained-bindings.json,licensing/evidence/desktop-browser-command-capture-owners-20261003/final-bindings.json
packages/desktop/src/main/browserView/browserCommandInput.ts	314	17940969dfcb3c2e113816c8af68a6d93380ba1e5041cf2aa491216d566b0077	CANDIDATE	G-prior-complete	-	licensing/evidence/desktop-command-owners-20261003/final-retained-bindings.json,licensing/evidence/desktop-command-owners-20261003/final-source-retention-proof.json
packages/desktop/src/main/browserView/browserCommandInteractionHandlers.ts	291	45f35c2b05efc2c4bd4c56a29af6cb2e57e92d4e558a84173d0b342c14d164b1	CANDIDATE	G-prior-complete	-	licensing/evidence/desktop-command-owners-20261003/final-retained-bindings.json,licensing/evidence/desktop-command-owners-20261003/final-source-retention-proof.json
packages/desktop/src/main/browserView/browserCommandPageHandlers.ts	313	f3412035054742870f8e9c6f1fb5bcf8e0c3a1993db1f066e6b8767cfede1813	CANDIDATE	G-prior-complete	-	licensing/evidence/desktop-command-owners-20261003/final-retained-bindings.json,licensing/evidence/desktop-command-owners-20261003/final-source-retention-proof.json
packages/desktop/src/main/browserView/browserCommandResult.ts	21	08a2c904f3dc7af817c3e37eec45fbf10e4ee1902e4f70277c161fef67609a22	GLUE	root/excluded-browser	-	-
packages/desktop/src/main/browserView/browserCommandScripts.ts	319	93adde82eb002473b1afd2d53dac591dfe978873d456acc45b27fadc2c05ea17	CANDIDATE	G-prior-complete	-	licensing/evidence/desktop-command-page-chain-owners-20261003/final-retained-bindings.json
packages/desktop/src/main/browserView/browserCommandState.ts	91	631a24e3c605a9bf1008bf78174d42713e0a2e0e523b27497336771de246e2eb	CANDIDATE	G-prior-complete	-	licensing/evidence/desktop-command-page-chain-owners-20261003/final-retained-bindings.json
packages/desktop/src/main/browserView/browserCommandTypes.ts	52	0b8f5fee0fdce1a96dc7ad74993f50d579c1476580ef68dbb7198738cbdd2450	GLUE	root/excluded-browser	-	-
packages/desktop/src/main/browserView/browserGuestManager.ts	4645	5f36a48cbaa3d29500209d7c845e276717fc49486acc92679374dc00a42df515	HOLD	excluded/HOLD	-	-
packages/desktop/src/main/browserView/browserOperationIndicator.ts	38	7659d8da3b0f78251a5799b6b2065b9bec55ae8f5bbb5e1ac0755aa0661242cd	UNCOVERED	root/excluded-browser	-	-
packages/desktop/src/main/browserView/browserPlaywrightDomSnapshot.ts	378	63df0150106bd1b17e84fe0d43ea2de7c1a519b4e26191d7986f475ebf9dcc8c	CANDIDATE	G-prior-complete	-	licensing/evidence/desktop-playwright-owners-20261003/final-source-retention.json,licensing/evidence/desktop-playwright-owners-20261003/final-source-retention-proof.json
packages/desktop/src/main/browserView/browserPlaywrightExecutor.ts	300	cb6dccfc403744cc7cbb40f8f0b121724aa0335142fe04b1555416dce0baed14	CANDIDATE	G-prior-complete	-	licensing/evidence/desktop-playwright-owners-20261003/final-source-retention.json,licensing/evidence/desktop-playwright-owners-20261003/final-source-retention-proof.json
packages/desktop/src/main/browserView/browserPlaywrightLocatorExecutor.ts	1022	e444335f4a3673b35144396c176d618ccd2816ee189f2fa1b880bdfbceedc09c	CANDIDATE	G-prior-complete	-	licensing/evidence/desktop-playwright-owners-20261003/final-source-retention.json,licensing/evidence/desktop-playwright-owners-20261003/final-source-retention-proof.json
packages/desktop/src/main/browserView/browserPlaywrightTimeout.ts	13	9c4c6dc00fd99488795f73648a475ef69bcaec7c36dc5cfcabee6761f95a9b36	GLUE	root/excluded-browser	-	-
packages/desktop/src/main/browserView/browserRestoreBootstrapProtocol.ts	28	06a183b63873f42d8e86bae044f3365df6f3ddcb0e58ea31445a16ea3703ebda	GLUE	root/excluded-browser	-	-
packages/desktop/src/main/browserView/browserScreenshotActivityController.ts	381	df8e32d4826318aaf87a982e2eb5709650a50e6f8653b4e861360d8b7a726cc4	CANDIDATE	G-prior-complete	-	licensing/evidence/desktop-screenshot-owners-20261003/final-retained-bindings.json,licensing/evidence/desktop-screenshot-owners-20261003/final-bindings.json
packages/desktop/src/main/browserView/browserScreenshotCapture.ts	153	468311e0eb4881fe131d828f03c5c98ab5dc6dfcee373ea50980dc0390e32104	CANDIDATE	G-prior-complete	-	licensing/evidence/desktop-browser-command-capture-owners-20261003/final-retained-bindings.json,licensing/evidence/desktop-browser-command-capture-owners-20261003/final-bindings.json
packages/desktop/src/main/browserView/browserScreenshotSurfaceContracts.ts	125	3fca51aa36dac032b424633fe41195c67b9efde7b7fe821b288534942f21e764	GLUE	root/excluded-browser	-	-
packages/desktop/src/main/browserView/browserScreenshotSurfaceCoordinator.ts	361	594b592f81e485b788f781d28fba7f2657e54332554714021ec89cc77212fce9	CANDIDATE	G-prior-complete	-	licensing/evidence/desktop-screenshot-owners-20261003/final-retained-bindings.json,licensing/evidence/desktop-screenshot-owners-20261003/final-bindings.json
packages/desktop/src/main/browserView/browserScreenshotSurfaceCoordinatorWiring.ts	84	f0e97b187e62f8d10690d5a72976acc7883dee90fdf5f6fc04ff18a1f6f6efe9	UNCOVERED	root/excluded-browser	-	-
packages/desktop/src/main/browserView/browserScreenshotTransientRetry.ts	65	b403405e26744ba44f01bc97ca847f878837eab309fa6a34a4a08a94f65199bf	CANDIDATE	G-prior-complete	-	licensing/evidence/desktop-command-page-chain-owners-20261003/final-retained-bindings.json
packages/desktop/src/main/browserView/browserTabRecoveryStore.ts	270	fb626c4ce574b584a2f2ac5b187b5edf2b8dc29ef4e0c2292ec5179e185cf75b	HOLD	excluded/HOLD	-	licensing/evidence/desktop-tab-clipboard-owners-20261003/final-retained-bindings.json,licensing/evidence/desktop-tab-clipboard-owners-20261003/final-source-retention-proof.json
packages/desktop/src/main/browserView/browserTabResidencyCoordinator.ts	270	9b53c768b9e2119b7358389cc06efd3e6902fab2d5318940667e8befad4a02e8	CANDIDATE	G-prior-complete	-	licensing/evidence/desktop-tab-clipboard-owners-20261003/final-retained-bindings.json,licensing/evidence/desktop-tab-clipboard-owners-20261003/final-source-retention-proof.json
packages/desktop/src/main/browserView/browserTabResidencyPolicy.ts	90	b5e0bab2418a2fcab8406d675b4e401a4db06ec2186b0a1ff604c3fa931a423d	CANDIDATE	G-prior-complete	-	licensing/evidence/desktop-tab-eviction-owner-20261003/final-retained-bindings.json
packages/desktop/src/main/browserView/browserTransparentWindowBootstrap.ts	127	815ad4d580dc2b1160e1e01a18173c26eecd8064f953e9c2d2ef12acf8b25ce9	CANDIDATE	G-prior-complete	-	licensing/evidence/desktop-recording-presentation-owners-20261003/final-retained-bindings.json,licensing/evidence/desktop-recording-presentation-owners-20261003/final-bindings.json
packages/desktop/src/main/browserView/browserVideoRecorder.ts	87	87e15d7b5c41be0bea1e848a5941d0320194657d044a88da10bc731ae2b742c1	CANDIDATE	G-prior-complete	-	licensing/evidence/desktop-recording-presentation-owners-20261003/final-retained-bindings.json,licensing/evidence/desktop-recording-presentation-owners-20261003/final-bindings.json
packages/desktop/src/main/browserView/browserVirtualClipboard.ts	301	9476d0876f408a2d5dfb3e90884b3f8b2eeeb648c04610f6eef09a3ceb82ffec	CANDIDATE	G-prior-complete	-	licensing/evidence/desktop-tab-clipboard-owners-20261003/final-retained-bindings.json,licensing/evidence/desktop-tab-clipboard-owners-20261003/final-source-retention-proof.json
packages/desktop/src/main/browserView/browserVirtualClipboardPageScript.ts	123	090b3dc9283e91e0518531cd30a823059f470eb0865a69e13e93404fb9b12a07	CANDIDATE	G-prior-complete	-	licensing/evidence/desktop-command-page-chain-owners-20261003/final-retained-bindings.json
packages/desktop/src/main/browserView/electronBrowserWebmRecorder.ts	473	39cbad782488afef3a3d162bad5e4ad950e8c8501ba3c495e16143bfc1b7e0f2	CANDIDATE	G-prior-complete	-	licensing/evidence/desktop-recording-presentation-owners-20261003/final-retained-bindings.json,licensing/evidence/desktop-recording-presentation-owners-20261003/final-bindings.json
packages/desktop/src/main/browserView/playwrightInjectedScriptSource.ts	66	1f80508de134caa00a0c6b4cd583e894f329109bd1c0879ad46611e77a28c835	UNCOVERED	root/excluded-browser	-	-
packages/desktop/src/main/chromeCookieManager.ts	480	19d357cdb4e93964c535ebca44c03aa4806204f66b8d60d5cf024164719732e2	UNCOVERED	root-Main	-	-
packages/desktop/src/main/chromeCookieMapping.ts	80	7f537d6310295263287e87f6d8304b0fa6e127b236a4d78f333c5bd955608a67	UNCOVERED	root-Main	-	-
packages/desktop/src/main/chromeCredentialManager.ts	86	2ea6c0df056874b698cdb9ea68627badfbf727ecc9a636a1ebcda369d79da0c2	UNCOVERED	root-Main	-	-
packages/desktop/src/main/chromeExecutableDiscovery.ts	263	7947d5050ee9213ab98b8a93151217563813ed07a1f30564aba28c843e8a0887	UNCOVERED	root-Main	-	-
packages/desktop/src/main/chromeInstallationCandidates.ts	343	37eb7f9da193140d11f7a9a8ae0914258903b2023e2e2f7cc29f1c0fc694020d	UNCOVERED	root-Main	-	-
packages/desktop/src/main/chromeLocalStorageManager.ts	711	c6d8f0da22193d06c9c3e32e2bd9f045dbee9c5873b6aa4b34cfac5a70a98d5b	UNCOVERED	root-Main	-	-
packages/desktop/src/main/chromeProfileDiscovery.ts	282	7926537aa509dcdada87b3dca9001b042ca69edee161da64c870ab3d0f1d11c2	UNCOVERED	root-Main	-	-
packages/desktop/src/main/crashDumpAnnotations.ts	281	7c358f4bf51c4b2338ed7cc25c892ea45c49ab804dd4aecb9cf226153eb021dd	UNCOVERED	root-Main	-	-
packages/desktop/src/main/cuaAccessibilitySettings.ts	654	fb15aeb43ad4a880dcbe26db8d75057054827a970015d51b771880bc58437e2f	UNCOVERED	root-Main	-	-
packages/desktop/src/main/cuaOsSupport.ts	31	c09cf69549e1b23cfb0fac5076ec667f73f47d412e0188da6de619f0dfae44f4	UNCOVERED	root-Main	-	-
packages/desktop/src/main/cuaPermissionDragPanel.ts	265	8add47c2d8c747aa494d51c7c936f41e7ed6f2f95612a3cf1f6dfa9eec18f182	UNCOVERED	root-Main	-	-
packages/desktop/src/main/cuaPermissionPanelPositioner.ts	61	f8e1a9997949bd4d8be15fc28f1fbc858ad3dc5db998828dc46353073fa5f6db	UNCOVERED	root-Main	-	-
packages/desktop/src/main/cuaPipFocusRouter.ts	63	842add8ddac29fd3aa72f1204a0de3033f61f7aa034380a0aadfec8eb1fec9a0	UNCOVERED	root-Main	-	-
packages/desktop/src/main/cuaSystemSettingsWindowWatcher.ts	171	57aaae14eed66990468962192e11bac49160f31fd04e3eb911343857d214116e	UNCOVERED	root-Main	-	-
packages/desktop/src/main/dataSizeScanner.ts	187	536e06ca87ae8e0cc9d16cbee30cea1c47927025482fcf3136e159c07f528466	UNCOVERED	root-active-PR12	12	-
packages/desktop/src/main/dataSizeTelemetryState.ts	58	b848e1a886ed4b90ca06503a592754df48dd9f6cba99da3238e35dd19652db4a	UNCOVERED	root-Main	-	-
packages/desktop/src/main/dataSizeWorker.ts	21	9b4d5df03691e57a61467e792563655f0e50fdb851b3d1a1e9a847dbda1eb372	UNCOVERED	root-Main	-	-
packages/desktop/src/main/dataSizeWorkerClient.ts	61	927c3f03eaf9f6dcf2aab1a92eb861805cfc87db924ebbe05311258f174c4f3c	UNCOVERED	root-active-PR12	12	-
packages/desktop/src/main/databaseStartupRelay.ts	119	095ff63dc2363cbba63bd31bb65049ee3ffe0646c82e2e9fbcc8543736a51a55	HOLD	excluded/HOLD	-	-
packages/desktop/src/main/databaseStartupTelemetry.ts	12	4955d91727beaa51cb012f681d44b4b3b4aa406c5879a4609d9e88b6c90a7048	UNCOVERED	root-Main	-	-
packages/desktop/src/main/desktopApplicationMenu.ts	320	dfd11178f06f2ada16612bb7cdf9603eb1d012649d819872688f790a68c1ea3d	UNCOVERED	root-active-PR12	12	-
packages/desktop/src/main/desktopArchitectureGuard.ts	2	d3211bed87259b848a5997d02342d2b2eaa0b5eac627720fbdddc002e1fb13ff	UNCOVERED	root-Main	-	-
packages/desktop/src/main/desktopArmsCustomEvent.ts	178	793a709c9e48ff8967fc2edafb54132a3d963a25d5f8aa967ac6b65ef6d7c83e	UNCOVERED	root-Main	-	-
packages/desktop/src/main/desktopBrowserDataIpc.ts	21	10d321a2afbf7a0341868468be3c4bde8e326ba1ff08a54ae3eaf2279e1fbbaf	UNCOVERED	root-Main	-	-
packages/desktop/src/main/desktopBrowserViewIpc.ts	281	a268aad10085cb2257971b5a7e453be4934377ecdbd586fcefc50dd61edde6fc	UNCOVERED	root-Main	-	-
packages/desktop/src/main/desktopChromiumHardwareAccelerationBootstrap.ts	57	fa29f17557affe71d03e54af499d725f141b6913ecdabf1f8b1e9f1ea46652e2	UNCOVERED	root-Main	-	-
packages/desktop/src/main/desktopCommandHandlers.ts	272	9055507db7a6b30052379ba957e0fdc330fcb022747ca9638997b9d8baee9280	UNCOVERED	root-active-PR12	12	-
packages/desktop/src/main/desktopContextPromptRollout.ts	82	6bf92f5c21e4f741d38d64bd1a5ac78d53facfd941be7108f96c8c17675e52c0	UNCOVERED	root-Main	-	-
packages/desktop/src/main/desktopCrashCapture.ts	456	d4ff0a4a11d9ec1ed5c6cf7906807cbf0cbf8523d244564001d6bd78dc142a96	UNCOVERED	root-Main	-	-
packages/desktop/src/main/desktopCronScheduler.ts	197	803e026c68f0d6ac79b2a347fb1c41917f7e5a1d60402a0d5a388d653d39d590	UNCOVERED	root-active-PR12	12	-
packages/desktop/src/main/desktopCuaHelperInstaller.ts	57	4e8ca53fe358d5328e958c0ec2cca70309123c47ee6cfa28c937cdf6c3980296	UNCOVERED	root-Main	-	-
packages/desktop/src/main/desktopCuaPermissionIpc.ts	529	e711ae65bcf68ddd1fde2b41706c5209725dcb17ed60e97323503c285336070f	UNCOVERED	root-Main	-	-
packages/desktop/src/main/desktopCuaPipIpc.ts	20	4634e895c7d632b3b3d9763dac416c83452e7738e7a2441f93604d87267c7a5e	UNCOVERED	root-Main	-	-
packages/desktop/src/main/desktopDarwinCloseBehavior.ts	31	491ef92eeb351b179d353c86d27b566a4a5480820c72e2d6feb1105eef577958	UNCOVERED	root-Main	-	-
packages/desktop/src/main/desktopDataSizeTelemetry.ts	431	c6b6d967ee4937a83ff800ee7b0c9079e75e1cc2c43b53093bd6ebe5fedfa27c	UNCOVERED	root-Main	-	-
packages/desktop/src/main/desktopDeepLinkUrl.ts	206	d727e7b6b0ead5fff7f9494adda0446556827f0f64e84d28f1c6779c1c89d516	UNCOVERED	root-Main	-	-
packages/desktop/src/main/desktopEarlyChromiumHardwareAccelerationBootstrap.ts	4	0f8375d819bc960555aaac2f685bcd1524052d7f6afe9f7f8549731e5161caaf	UNCOVERED	root-Main	-	-
packages/desktop/src/main/desktopEarlyDataBaseDirBootstrap.ts	40	70393379fb009d9272ed4b2132b41b1714989bab6cda736103f0e193990afa6a	UNCOVERED	root-Main	-	-
packages/desktop/src/main/desktopElectronApp.ts	22	5329fe824c380441f95967099132087bac12fc4f439dd987d6dc06349770e4cc	UNCOVERED	root-Main	-	-
packages/desktop/src/main/desktopFinderOpenFolderWorkflow.ts	296	bca4ce0f93ae8d12f47312697adef26d65c44eb244f46669e3772940106b176a	UNCOVERED	root-Main	-	-
packages/desktop/src/main/desktopHelpConfig.ts	8	1ce74a6085672e317f13de21e451cbae6767269440a4189d5e8c330cf68c1007	UNCOVERED	root-Main	-	-
packages/desktop/src/main/desktopHostProcess.ts	714	fceabd3490d375d8a4658bd55e2d277fa51d599a9fcf0fdfcbb4d9b911f589b5	UNCOVERED	root-active-PR12	12	-
packages/desktop/src/main/desktopLaunchMarks.ts	17	0319717119434e1c075782e68bc68b8bdd746b4052bbb6ed74328dcd8411901f	UNCOVERED	root-Main	-	-
packages/desktop/src/main/desktopLinuxAppImageIcon.ts	124	4af53f58ea09aba4ec0853b3af4644e41a48ef381b33926d276aa145c64bf695	UNCOVERED	root-Main	-	-
packages/desktop/src/main/desktopLinuxDeepLinkRegistration.ts	338	2eddf8889e44e93ef98a2119dfc576b20389eb74ada667d3958f4f5337544d89	UNCOVERED	root-Main	-	-
packages/desktop/src/main/desktopLinuxXdg.ts	38	136fe37a8869507149268bd8e5e26c709e9f10a752c27bb70544437fdeb8702b	UNCOVERED	root-Main	-	-
packages/desktop/src/main/desktopMainIpcHelpers.ts	121	f1cdd0cc53d7a816a49ef3baeccfffee9440c4ac7b3fada0520b5f0b1d4f957a	UNCOVERED	root-active-PR12	12	-
packages/desktop/src/main/desktopMainIpcPlatform.ts	418	4446b188438efe3243dc5db6102c06d92b3934b4ed178980449c15ee608f1906	UNCOVERED	root-active-PR12	12	-
packages/desktop/src/main/desktopMainIpcRemote.ts	359	c4aec50428f71f69961cf2444ce9d96a8e6b4a0e0640e5a7f4d441068c73774b	UNCOVERED	root-active-PR12	12	-
packages/desktop/src/main/desktopMcpTelemetry.ts	7	beab541220f6a4e2ae9c83e452fb2eafd0553ad73c934fcf15b0e3d6e8ca3575	UNCOVERED	root-Main	-	-
packages/desktop/src/main/desktopNetworkPolicy.ts	273	9ec488814c6cb08564ae814cd44ba9466861359473ee6d47b5f87b70bfb873d8	UNCOVERED	root-active-PR12	12	-
packages/desktop/src/main/desktopNetworkTelemetry.ts	157	37b8a7658275e115d98b8d82da7768277abf30d18b0ce7d1552a828ca9b92562	UNCOVERED	root-Main	-	-
packages/desktop/src/main/desktopNotifications.ts	158	29581f30f5239e7714158f0a79bd57278270092793b692244fc4fa8454d61310	UNCOVERED	root-active-PR12	12	-
packages/desktop/src/main/desktopPrintToPdf.ts	36	3e4e0bc4f204dd0c5989a3469f7b07f6deab209aa38c0a4c78e14506b0fd59af	UNCOVERED	root-Main	-	-
packages/desktop/src/main/desktopProfile.ts	50	345504bec2138ba0ad603e901363581fb68f72570e7fd6c72022cdd73ef07329	UNCOVERED	root-Main	-	-
packages/desktop/src/main/desktopProviderConfig.ts	20	d1e91d886462ef81e446a1578a3a867e6e9ad0ad35eb726dd6a72c890d5c681c	UNCOVERED	root-Main	-	-
packages/desktop/src/main/desktopQuitLifecycle.ts	58	e114c7b1c582df16a3298a2d77de34de6abda3ad564374a20062dcad10ae931f	UNCOVERED	root-Main	-	-
packages/desktop/src/main/desktopRemoteSessions.ts	808	d24288c326a97ae7b0356ece7fdc0a9903d4cd245cc6e8f5f83170b3fda09ef0	UNCOVERED	root-active-PR12	12	-
packages/desktop/src/main/desktopRemoteUsageArmsTelemetry.ts	214	0ca47fda44f4191cb35c1e1733a068fdbf41775328a0b0f3240c5ff9e0c15c0e	UNCOVERED	root-Main	-	-
packages/desktop/src/main/desktopResourceTelemetry.ts	491	0665d0d9bb08b224e97bf6d9f2101f4325c35d9bc0f25c90cadda4c1af23dc8c	UNCOVERED	root-Main	-	-
packages/desktop/src/main/desktopRuntimeEnv.ts	496	74cbdfd11402b8442c1fbd473c8fbd9902c807d05096a9ec736673ab2a55e194	UNCOVERED	root-active-PR12	12	-
packages/desktop/src/main/desktopSaveFile.ts	233	b111ef27a32f5baba928bc34e6db0a5946468891877056c79624a02829f314e1	UNCOVERED	root-Main	-	-
packages/desktop/src/main/desktopSecondInstanceDeepLink.ts	58	805645602eda82838195b8b354194faf682af4b59f1e61c91377451687f7f8d2	UNCOVERED	root-Main	-	-
packages/desktop/src/main/desktopStabilityTelemetry.ts	978	b8a8a33e602ee58674455bab8621225538027c01b4e4d390c169932837966c6a	UNCOVERED	root-Main	-	-
packages/desktop/src/main/desktopTray.ts	103	0cf183091263876ac3e014fba6d4818a28cc1d4319f97328a7269e6dcaba5ef5	UNCOVERED	root-active-PR12	12	-
packages/desktop/src/main/desktopUnsavedChanges.ts	40	3b43f066910742de6058a44162958a34cfad8fec1a82961066e8a700af5a201c	UNCOVERED	root-Main	-	-
packages/desktop/src/main/desktopWindowButtonPosition.ts	112	f8788ab82065fa888a64797aa27d1e392bf3ff9b2aa51a3025baf4a020a0330b	UNCOVERED	root-Main	-	-
packages/desktop/src/main/desktopWindowChrome.ts	536	97f8d51ed30293aa00a69a84d8698a7a8760748a0ac50d6680cf03be326ad040	UNCOVERED	root-active-PR12	12	-
packages/desktop/src/main/desktopWindowChromeState.ts	39	2bb5d02ffcbdc12790e42e1ef77fbb197c866f8dec4e28042bb3ddb3d6ae7123	UNCOVERED	root-Main	-	-
packages/desktop/src/main/desktopWindowGlass.ts	17	6e01b560b9b50b1f8e958ea0c3ce7a403cb7a1fdf7522fc94cfda576a5d05806	UNCOVERED	root-Main	-	-
packages/desktop/src/main/desktopWindowLifecycle.ts	423	7811b200fb288b56b677522996d45cd0d8ca4a8c5e742d956ad84dfbae150c23	UNCOVERED	root-active-PR12	12	-
packages/desktop/src/main/desktopWindowSize.ts	82	d55d1453af0a46ef5f703f63f7d3a9af0a95dae84a30fa7b0780b6c770489fe7	UNCOVERED	root-Main	-	-
packages/desktop/src/main/desktopWindowsOpenFolderContextMenu.ts	113	e20e43fdbedef5152c02e398fd1f37cace60598052ba1edf860890b5c8dda7cd	UNCOVERED	root-Main	-	-
packages/desktop/src/main/desktopWorkspaceDeepLink.ts	199	17cfe4ce3617d9905fb59d16f77695cfb30f0ab69f27971f7e174f5f2f566fe5	UNCOVERED	root-active-PR12	12	-
packages/desktop/src/main/desktopWslTargetResolver.ts	73	c0a13eb5453daf60099bd30c55ac3f5de8774cf7ba0c5d962b54d3ee3fc24406	UNCOVERED	root-Main	-	-
packages/desktop/src/main/desktopZoom.ts	21	931251c2cd5bd27c9fdc427f7f80663b477df3029cff680b1bb7db3051b8513e	UNCOVERED	root-Main	-	-
packages/desktop/src/main/e2eCoverage.ts	36	e7ff1f88b072867cce3fe310dd8dcf9e2d643c13bcc038fb1bb0ecab9350c772	UNCOVERED	root-Main	-	-
packages/desktop/src/main/editors.ts	661	20f0c2caaa325bf8b2830c7aa290a480780c85c87e82abd840e009425931f472	UNCOVERED	root-Main	-	-
packages/desktop/src/main/electronCpuNormalization.ts	22	ca13ce2f96ec8b3d2a07e2115c828d15594f2afae9a429d312743c63e3083b29	UNCOVERED	root-Main	-	-
packages/desktop/src/main/embeddedBrowserJavaScriptDialog.ts	206	7f9822a7a7b57b0786e21a1d06514750369570e4f22adc4b6b7155d2bea5a75d	UNCOVERED	root-Main	-	-
packages/desktop/src/main/exportLogs.ts	1271	709db7c977ce2998b7ac9ef558b2f3a80912474d54c06957a5c104bef2016e77	UNCOVERED	root-Main	-	-
packages/desktop/src/main/hostLogRelay.ts	126	b8624ff7f740350f61e0203adfbe40774b105f23534b49a04b2c1583ba952c4b	UNCOVERED	root-Main	-	-
packages/desktop/src/main/index.ts	1642	bc0caf07ed363a0848ae6c3848e9906d03ccae9ca39d4def80bc7264c496f581	UNCOVERED	root-Main	-	-
packages/desktop/src/main/launcher.ts	5	59afd858c9dee846385b4f6b2442becbbf035604c7bc07da3c13c8c311597fae	UNCOVERED	root-Main	-	-
packages/desktop/src/main/localDiagnostics.ts	287	02dcfc33faab160dcc8494868df8b2e7c27c007f0a591eb2f5080adb871c2d41	UNCOVERED	root-Main	-	-
packages/desktop/src/main/localMediaPreviewProtocol.ts	178	8b6b9d55d59edceea9b0a98d82d26cbdbd66e4249df2010d8f3c2e4a4471a2a5	UNCOVERED	root-active-PR12	12	-
packages/desktop/src/main/localTtftExportDedupe.ts	34	6047f2bc11da66db90f521001d9a37771ffc9e9d5509a1b5563fd3f467450f28	UNCOVERED	root-Main	-	-
packages/desktop/src/main/localTtftExporter.ts	300	909909bb169855a16fd8a3728739b5a4995a1d0f0598b8a0c09448ea881a867f	UNCOVERED	root-Main	-	-
packages/desktop/src/main/localTtftSpans.ts	147	44f02ab601ff955ff7e849087e45a6af088f7eaaaa4506340288c27b4d17fecd	UNCOVERED	root-Main	-	-
packages/desktop/src/main/logRetention.ts	98	9447cfca3719e51b9836b18556f520481233288d64de2467fe8e7cdf4c492e1f	UNCOVERED	root-Main	-	-
packages/desktop/src/main/logger.ts	114	6a181e7deb5dbddb7310c8e29c2d016b58fb1322abbd444e880698d2f1cbf20f	UNCOVERED	root-Main	-	-
packages/desktop/src/main/longTaskAttributionSummary.ts	76	71272a8e4e3ba5cf26fb6a516515481d84db7ee5385fba6f33305d84e3a61655	UNCOVERED	root-Main	-	-
packages/desktop/src/main/mainMemoryDiagnostics.ts	9	25eca4964653ac6eb4dbf80df122d9b94b12b383dfa36205dedaa6c02b026c0c	UNCOVERED	root-Main	-	-
packages/desktop/src/main/mcpUserDirectory/index.ts	425	4c7d8e46f4c0b44fd0b6f54dfc50c6ce3ea116b294bfa0a977a567b3228b8610	UNCOVERED	root-Main	-	-
packages/desktop/src/main/mcpUserDirectory/legacy.ts	257	508df0622fabe35a0ea423f2f237319fc675170b0ea05dab77974c3c6f5fd3fa	UNCOVERED	root-Main	-	-
packages/desktop/src/main/mcpUserDirectory/types.ts	38	5191c4e9dc7b090482c3fe8ed6910cea8c1d03b110ca1f37b62d1c6681f87821	UNCOVERED	root-Main	-	-
packages/desktop/src/main/mcpUserDirectory/utils.ts	51	e947f2e63cc3e2ec854eaa0c844da13dd3a97a945e7f4a53b4a179f2bb489cc0	UNCOVERED	root-Main	-	-
packages/desktop/src/main/networkTelemetryAggregator.ts	405	fcd289d337b39a403a9ec0f4ff1dbaf1068169cfdbf0915c0ce2b3c070353857	HOLD	excluded/HOLD	-	-
packages/desktop/src/main/openInEditor.ts	411	751fe17bb9a4bb03caefdf3393ff92d8426e66743bf6e4bf3c9bff860575314a	UNCOVERED	root-Main	-	-
packages/desktop/src/main/primaryWindowCoordinator.ts	101	c57002e8563519a1b0456e916d681ac6528ae5320a3b313675d00793cb8355ca	UNCOVERED	root-active-PR12	12	-
packages/desktop/src/main/processResourceAppTotals.ts	31	620fd6da91d1266eb6606b933db364d242e8e49bf66edfb6628b1bdc55643c4e	UNCOVERED	root-Main	-	-
packages/desktop/src/main/processResourceChromiumSource.ts	55	aec8d14fe198d42606aed6468d763c1f3304d0fcb307add75d810cba00c99c79	UNCOVERED	root-Main	-	-
packages/desktop/src/main/processResourceCliSource.ts	272	1fd3036eb729abac42446b7900fc752f49e7e87cc9a45d6dd162165fc84d60ca	UNCOVERED	root-Main	-	-
packages/desktop/src/main/processResourceExternalAppSamples.ts	108	3579cc75cb3720ae67a92bb28e63cd34fec07066c76cf62da522c4e57fc6e269	UNCOVERED	root-Main	-	-
packages/desktop/src/main/processResourceMcpTelemetrySource.ts	148	e057c49f02ecec029a71e319917e3e981ab812b9d9ca61a5f0de6b926896dbe1	UNCOVERED	root-Main	-	-
packages/desktop/src/main/processResourceRendererHeapSource.ts	69	2837de804139f09990cd84406377378dddd3da691862b5b4c42be3926e50ef51	UNCOVERED	root-Main	-	-
packages/desktop/src/main/processResourceRoleClassifier.ts	146	107da155b61006d5d1c4863b6ee36777f21192f46b317a0d8b3169ce0fa46f99	UNCOVERED	root-Main	-	-
packages/desktop/src/main/processResourceSampleSourceRegistry.ts	24	64a9e7ecb9c56ed672f41083c08e6ff5ce268cadd3775e3ec3282e5055b0242d	UNCOVERED	root-Main	-	-
packages/desktop/src/main/processResourceSampleSources.ts	119	dcb3203207a7d749c99c318e14f73f6f2e38b791641b250b607c886bd97e0f40	UNCOVERED	root-Main	-	-
packages/desktop/src/main/processResourceSelfHeapSource.ts	54	1dfd4738279d6c6eb1d8eec0054b9aff572506c04e12ef6951e1883d678a72f6	UNCOVERED	root-Main	-	-
packages/desktop/src/main/processResourceSystemSource.ts	88	97dfb201c846c7dda86a8cc59a61a3bcabaf65f7de69f278a1cfa1a9c25c3a48	UNCOVERED	root-Main	-	-
packages/desktop/src/main/processResourceSystemWindowAggregator.ts	119	9571228efc395ab06692831b9e2522ae88a51486e3744cd823740139eb49a009	UNCOVERED	root-Main	-	-
packages/desktop/src/main/processResourceSystemWindowEvent.ts	37	9825351d463ea58b5cc2afdfe6742ce95756a3a592165abbed0fa1070a16bf33	UNCOVERED	root-Main	-	-
packages/desktop/src/main/processResourceWindowAggregator.ts	225	4650e01c508eabaa81e101678e74c9b9e4ead71ff4091aff5d1caf481837a1dd	UNCOVERED	root-Main	-	-
packages/desktop/src/main/processResourceWindowEvent.ts	67	27e9e398b9664b7fa3625e7ba5a5ffbd837d3c7baab38a9c245e5634d9642199	UNCOVERED	root-Main	-	-
packages/desktop/src/main/releaseUpdateCheck.ts	144	bdff43d5b1e58a6d53f437ce3e90f5c1d70784095fe06973bbf5b5f304ccd406	UNCOVERED	root-active-PR12	12	-
packages/desktop/src/main/remoteCdn.ts	26	30b2ea3b4fb3d5d0936e1a9912f6b49cb893310b9de6b2e047ec8d0ee47d7a2d	UNCOVERED	root-Main	-	-
packages/desktop/src/main/rendererActionTraceBroker.ts	273	1bb774349cbf17e004417762bbb96a84e5f2b17cc39e5383c7690595f9dbbf6c	UNCOVERED	root-Main	-	-
packages/desktop/src/main/rendererActionTraceExporter.ts	67	09637e0c56463977a36defcb332ce7408ce86e1f5f0a7afca918c7848764a70a	UNCOVERED	root-Main	-	-
packages/desktop/src/main/rendererActionTraceIpc.ts	133	f6a2e0a0cb1c129120adfbe33ed7a9ab30b6ccc1ca9f3042e0ad7d75c1c642dc	UNCOVERED	root-Main	-	-
packages/desktop/src/main/rendererActionTraceRollout.ts	75	f50c806cf234547e6bcedd585b34cc4fae9645711f00a7c3cc2283580a09249a	UNCOVERED	root-Main	-	-
packages/desktop/src/main/resourceManagerHostSampling.ts	93	a8cd514aa8c30fe7186380033181a07ccdb985ca1588d562c8b0af59691bda90	UNCOVERED	root-Main	-	-
packages/desktop/src/main/resourceManagerProcessNames.ts	64	31c9024b17ab8c3e3490c58b36734c9387934dde167e850ae2472eea5bed8a34	UNCOVERED	root-Main	-	-
packages/desktop/src/main/resourceManagerStorage.ts	94	93809e3dcdaf923b4bd1f89000de94cc22d3fa3602143480731284fcd213455f	UNCOVERED	root-Main	-	-
packages/desktop/src/main/resourceManagerWindow.ts	502	75d07ce51425e4d7cba31ac9c2920987f0af9efad199e97f71f72b27a153bbd3	UNCOVERED	root-Main	-	-
packages/desktop/src/main/resourceMetricsStats.ts	45	e33a2be6623740dcafcb9eaef49cca8665376101540c28141b9ba82c39afe671	UNCOVERED	root-Main	-	-
packages/desktop/src/main/singleFeatureRollout.ts	142	a24ad7e5db053a6bffbae1773e6b0e33f79b6ba1bef21318be264036cdbb0960	UNCOVERED	root-Main	-	-
packages/desktop/src/main/startupTelemetryDelivery.ts	56	f8dc197a32e62472cce44fb1a9cf42afa058d1c4790ef80aa781c2df5e06c295	UNCOVERED	root-Main	-	-
packages/desktop/src/main/startupWorkspace.ts	171	4ba5e8b6fd8c579bc1a2678f40cc817e436c79220a02cd761c531a2caff5574b	UNCOVERED	root-active-PR12	12	-
packages/desktop/src/main/startupWorkspaceDeepLinkGate.ts	94	c4b0adeb717415c41eebc75bb960bbce99c9f143884c570a385fcd300bff9bf6	UNCOVERED	root-active-PR12	12	-
packages/desktop/src/main/storageScanWorker.ts	43	c48d81d04b8b996c6b107ff40ab3ad2202430e5405113a478ba7df098e25f83d	UNCOVERED	root-Main	-	-
packages/desktop/src/main/storageScanWorkerClient.ts	74	f15f09d5fe8145e057953d49935a37cd890930c2949bd4558d2cbfec6ff3fabc	UNCOVERED	root-Main	-	-
packages/desktop/src/main/storageScanWorkerProtocol.ts	27	38b7790a3b29276912c13beb8e575bdcfceeaa2b028cd160e40319b6879b1748	UNCOVERED	root-Main	-	-
packages/desktop/src/main/taskRealtimeBus.ts	1081	21ff17c445ecff554d377a20ef072923f609f3aa24c73224d26049f7ce850b90	HOLD	excluded/HOLD	-	-
packages/desktop/src/main/tempTextAttachment.ts	52	a740c78660e4e3e2f184c1c6b666aceb1d0d05236450708cdf5720fac19c691c	UNCOVERED	root-Main	-	-
packages/desktop/src/main/unreadBadge.ts	35	52a8e7cdfcd01ddcdf229e5ecb5157b257531e699d1256d70503033bc6526439	UNCOVERED	root-Main	-	-
packages/desktop/src/main/windowsAumidIcon.ts	120	da92ab48dd58d966ace1e3035d2a18d86cf9cc904cd964fd3d1461b318dd4003	UNCOVERED	root-Main	-	-
packages/desktop/src/main/windowsChromeAppBoundKey.ts	482	05961a71600f7c6dbe9c3e96a9d4a2c18dc409200dfd1093e4c94c9b13a67e0c	UNCOVERED	root-Main	-	-
packages/desktop/src/main/windowsCuaOperationIndicator.ts	403	35cf31c1a1b0489cc32550fcb8863302eb9ccb98e5dabfed67421720bb2239d1	UNCOVERED	root-Main	-	-
packages/desktop/src/main/windowsCuaOperationIndicatorContent.ts	82	4e0e449541d2cd14d08ec420016056132bc4281f49ee4d83d699d7459627e9eb	UNCOVERED	root-Main	-	-
packages/desktop/src/main/windowsExplorerDelegation.ts	53	3042ec7b0ee0d946f99d9c1c490860495370a3aa7b67a55316c585b37b13b866	UNCOVERED	root-Main	-	-
packages/desktop/src/main/windowsInstallResourceLocks.ts	286	7e7a48c4ce5a884532e711acc467ef7a508691a85c350335b016aa29cdf89b17	UNCOVERED	root-Main	-	-
packages/desktop/src/preload/browserVideoRecorder.ts	10	d439c63564c4bf369957fffaf401b2ac288b1a90513856d4d205c9e316c0c107	UNCOVERED	root/B-native-facade	-	-
packages/desktop/src/preload/cuaPermissionPanel.ts	36	8c3da4ae7e9443f004a02b2badbe393d2cde3d3fb8b01a21e1c73870b01facb2	UNCOVERED	root/B-native-facade	-	-
packages/desktop/src/preload/embeddedBrowserJavaScriptDialog.ts	131	c526a948cc0b9e6791ee1d0022c4467e7a7eedbe681162bd7cc52ab89aa84967	CANDIDATE	G-prior-complete	-	licensing/evidence/desktop-preload-owners-20261003/final-source-bindings.json
packages/desktop/src/preload/embeddedBrowserWheel.ts	102	be0a054b2fbafb670f95510669edc6ae64c6d57ec8a222d167617dff934fc173	CANDIDATE	G-prior-complete	-	licensing/evidence/desktop-preload-owners-20261003/final-source-bindings.json
packages/desktop/src/preload/index.ts	633	3f05bcb37e21f198fa62779318bb99a03041d116be2b8724c402579e80fda002	CANDIDATE	G-prior-complete	-	licensing/evidence/desktop-preload-owners-20261003/final-source-bindings.json
packages/desktop/src/preload/resourceManager.ts	42	583ae8c5a86aae54ed32937831f00ecac6d3a069d9707eadf2f08c4b07e0ac94	UNCOVERED	root/B-native-facade	-	-
packages/desktop/src/renderer/appTelemetryBridge.ts	17	548f6a985979895e4d8ad2a51e01045a778035fa689e3a38d469f72c295bef89	UNCOVERED	B/renderer-platform-unallocated	-	-
packages/desktop/src/renderer/cuaPermissionPanel.ts	85	84ceb153b6405637cf1ec9c7eef20374ad0d39f06030f90f8e8990174dd9ee59	UNCOVERED	B/renderer-platform-unallocated	-	-
packages/desktop/src/renderer/cuaPermissionPanelMessages.ts	49	50f0365d74cee46900b8b78baf8a2aac06c657422cd1fa6c4e52839eda5d4897	UNCOVERED	B/renderer-platform-unallocated	-	-
packages/desktop/src/renderer/src/databaseStartupAdmission.ts	31	70f2a7e304f53bc7ead8d022f4a00b2eee80385de46643d50f7021af6ee0517c	UNCOVERED	B/renderer-platform-unallocated	-	-
packages/desktop/src/renderer/src/desktopBrowserPlatformBridge.ts	82	cc9e90bfd5513e4cf8eaae5475efcad178d01919079a0bd1d22a60e7cf829e34	UNCOVERED	B/renderer-platform-unallocated	-	-
packages/desktop/src/renderer/src/desktopPlatform.ts	171	1c75e86b4c78c4e2cc76fd00ebf39b94e00bbb7b3ac391777929ce02b0f3913e	UNCOVERED	B/renderer-platform-unallocated	-	-
packages/desktop/src/renderer/src/localTtftBootstrap.ts	75	5fc109041eaf54ddafbe3f711a34401709d7b4c197a7fcb0fd746b13416d6006	UNCOVERED	B/renderer-platform-unallocated	-	-
packages/desktop/src/renderer/src/main.tsx	330	18c7eb716e12cc7cd33c2cc2bf20a3b888af574f3c7a7b17c6edeac0ebba530b	UNCOVERED	B/renderer-platform-unallocated	-	-
packages/desktop/src/renderer/src/performanceTimelineCleanup.ts	17	ffdc5c127135ee24e99e29adeb4140d5c14dc45be62f60a3279a249995be4cca	UNCOVERED	B/renderer-platform-unallocated	-	-
packages/desktop/src/renderer/src/remoteWorkspaceServicePortBridge.ts	41	4428cdf35988092d00b7ffbf8f9ecab60c68b0dde3880f5e7a72000ac055898b	UNCOVERED	B/renderer-platform-unallocated	-	-
packages/desktop/src/renderer/src/remoteWorkspaceSessionServices.ts	50	51e2e2c9750df7b57102ab8e49d446e80482c2971b94fe61ca0fd6616cb70d3e	UNCOVERED	B/renderer-platform-unallocated	-	-
packages/desktop/src/renderer/src/resource-manager.tsx	72	6d6cb8b9915de0984c32ab1b9688bfab02c8302c1fc5584eeb53b6f3a563c790	UNCOVERED	B/renderer-platform-unallocated	-	-
packages/desktop/src/renderer/src/userActionTraceBootstrap.ts	53	b27bc04f04b7e8926790b52d77f0cb1ae9afff89c28285e09ad324235e21aaf5	UNCOVERED	B/renderer-platform-unallocated	-	-
packages/desktop/src/scheduler/index.ts	337	ec6fd6084aeda471bb6b98b1c6bb179238c47874139952f6ef6e3e4ab9e6becd	UNCOVERED	A/scheduler-excluded	-	-
packages/desktop/src/scheduler/manualClaimRelease.ts	38	ef68a813c9be808b8033b4e61e7c2b7116125edb854b7657808bc8848a44581f	UNCOVERED	A/scheduler-excluded	-	-
packages/desktop/src/scheduler/offPeakDispatchSettlement.ts	85	8f9556137e1efbbc91e705b9a29af6610b74957679c94702112310ea8bc75e01	UNCOVERED	A/scheduler-excluded	-	-
packages/desktop/src/scheduler/schedulerProtocol.ts	81	5067d862bd4eee92f76e183a9389307762005909366f85d879cba9b9cf71156b	UNCOVERED	A/scheduler-excluded	-	-
packages/desktop/src/scheduler/schedulerResourceTelemetry.ts	83	418bd979a005455c8c894bfb4146e695f451a731793569d6eab7cb45c437b1db	UNCOVERED	A/scheduler-excluded	-	-
packages/desktop/src/shared/armsRumBridgeForward.ts	107	f25df185989d6576b5c5059e8f9d31888649e7f6c11a2aebe911a484924ca52a	UNCOVERED	shared/bootstrap-unallocated	-	-
packages/desktop/src/shared/armsRumShared.ts	50	1e4e77f862863699ab5e35b32cdf5def0106804a903f4e05e4321dfec60f4652	UNCOVERED	shared/bootstrap-unallocated	-	-
packages/server/src/remote/agentBundleWrapper.ts	18	a667291a06322f1fd29f4cf7a3d8308de372d20619a858f411c64ab7ed91f0ae	CANDIDATE	G-prior-complete	-	licensing/evidence/runtime-agent-wrappers-20261003/source-hashes.json
packages/server/src/remote/agentDeploy.ts	211	1b842fc168bbb313005c6ff0342815732a4f7891b7fa7a1cff08db0ef614514d	CANDIDATE	G-prior-complete	-	licensing/evidence/agent-deployment-owners-20261003/source-hashes.json
packages/server/src/remote/agentDevDeploy.ts	292	913954f82ebf313352dbd55e9bcbab058b7faba2915157ac7598072c21235a01	CANDIDATE	G-prior-complete	-	licensing/evidence/agent-deployment-owners-20261003/source-hashes.json
packages/server/src/remote/agentOfficialPluginAssets.ts	71	1153bcf21a3dc19c99d46d28d255ae42106d3967726816efd167739a69203bff	GLUE	G-prior-complete	-	-
packages/server/src/remote/agentOfficialPluginPermissionRepair.ts	29	c70f72809c7cd4405ac1e4324315a234b606a74cbe6dceb913c4634239f6ac9f	CANDIDATE	G-prior-complete	-	licensing/evidence/ssh-auth-permission-owners-20261003/source-hashes.json
packages/server/src/remote/agentWrapperDeploy.ts	44	05d6c238813f4e700df27aab756d6d52aeb1d7be654dbbe94679fd4f2ba7a923	CANDIDATE	G-prior-complete	-	licensing/evidence/runtime-agent-wrappers-20261003/source-hashes.json
packages/server/src/remote/backend.ts	49	64fc593f0b977c4788bf5c68ed9439c8b7e94768c33827621b280bdccdca4779	GLUE	G-prior-complete	-	licensing/evidence/docker-wsl-backend-lifecycle-20261003/source-hashes.json
packages/server/src/remote/closeEvent.ts	29	481399223c1faca8e03fc981317a25e888477f1d9134b9971291694eb30d5445	CANDIDATE	G-prior-complete	-	licensing/evidence/remote-transport-lifecycle-20261002/source-hashes.json
packages/server/src/remote/connect.ts	331	547b60cda3c081905d916e87bdd8b8d017f8b2a8af886810487a8527677a9e07	CANDIDATE	G-prior-complete	-	licensing/evidence/backend-connect-lifecycle-20261003/source-hashes.json
packages/server/src/remote/create-backend.ts	34	29d70c36ecde3db2e9b80a2dc8fc52629cf7a0c6afa2ae288da7b818d02e78a9	CANDIDATE	G-prior-complete	-	licensing/evidence/backend-connect-lifecycle-20261003/source-hashes.json
packages/server/src/remote/deploy.ts	555	c722682ad8957d4e6f5f322455b72c3d6034c02d5711750c7f5103597f8d95f4	CANDIDATE	G-prior-complete	-	licensing/evidence/deployment-orchestration-owners-20261003/source-hashes.json
packages/server/src/remote/deployShared.ts	96	c23b8ac1083e667574e907f363e60303300eacaa238ac5a0078e3b9fd7c5d86a	CANDIDATE	G-prior-complete	-	licensing/evidence/deployment-orchestration-owners-20261003/source-hashes.json
packages/server/src/remote/detectEnv.ts	27	9cf97377c7b0877b2d6aa29c5c7eba8f759c21b44024bb0935dc78fb55f7f40c	CANDIDATE	G-prior-complete	-	licensing/evidence/remote-platform-detection-20261002/source-hashes.json
packages/server/src/remote/docker-backend.ts	261	86a425f3f644d58b82e010b9f75101f7fc923982ad668bb88f03d21ba0c8b73c	CANDIDATE	G-prior-complete	-	licensing/evidence/docker-wsl-backend-lifecycle-20261003/source-hashes.json
packages/server/src/remote/docker-detect.ts	125	631ac46b6b5545c12db376cce95043351364d25d1ce64f8ebc8034a1bf076c39	CANDIDATE	G-prior-complete	-	licensing/evidence/remote-platform-detection-20261002/source-hashes.json
packages/server/src/remote/handshake.ts	109	36d611af1d08b790e5bf91d7ba49a13ec1ff9cd087ecb22353b5b7cb5a151b3c	CANDIDATE	G-prior-complete	-	licensing/evidence/remote-transport-lifecycle-20261002/source-hashes.json
packages/server/src/remote/index.ts	35	acb6be39c838c5245aa868a5a719be1b09d144927c31ebd61cdc83b974d46b7c	GLUE	G-prior-complete	-	-
packages/server/src/remote/localTarGz.ts	277	918d333f3af9e78ac1e4fcf3fae401baf50da4cd3ad64bf12cae793a0b7e027c	CANDIDATE	G-prior-complete	-	licensing/evidence/local-archive-owner-20261003/source-hashes.json
packages/server/src/remote/posixShell.ts	25	8e33335dfc4ea05618b62fbdcaf96e180da74c42adad185591350e8899c9ba85	CANDIDATE	G-prior-complete	-	licensing/evidence/remote-platform-detection-20261002/source-hashes.json
packages/server/src/remote/remoteAssetCache.ts	1930	28d4d2f5d323c49a866832f3233df4dbdfff5cf4c9ec145586077c44a06ced98	UNCOVERED	root-active-PR12	12	-
packages/server/src/remote/remoteAssetCdn.ts	195	6a81f481fafa55be55fcbe3bc1d14172e66938390002ffd0d51ccff2f1bf9db9	UNCOVERED	root-active-PR12	12	-
packages/server/src/remote/remoteAssetDeployDecision.ts	285	ecca04fbdba5ad03c0d2211e017ec22c123a391d455131b7a2e339fedb83bd28	CANDIDATE	G-prior-complete	-	licensing/evidence/remote-asset-identity-decision-20261002/source-hashes.json
packages/server/src/remote/remoteAssetInstaller.ts	781	b1cf127fcba98f7e9ebd04446db4f6247d849e25cfc14b28a3d1079182cb36f2	CANDIDATE	G-prior-complete	-	licensing/evidence/remote-install-materialization-20261003/source-hashes.json
packages/server/src/remote/remoteAssetLiveIdentity.ts	224	83a49990d50438accd61815c6ac56fa1fa3906327d6a80acc096740039250525	CANDIDATE	G-prior-complete	-	licensing/evidence/remote-asset-identity-decision-20261002/source-hashes.json
packages/server/src/remote/remoteAssetNetwork.ts	11	242a6c493e341edafa5fc63e090921add37ee25795de108a21b741620b45d613	UNCOVERED	root-active-PR12	12	-
packages/server/src/remote/remoteAssetPreflight.ts	91	e0d92d009d681554b80a3f737c6d5c03a527f19db12c038282b18e0daecc9d94	CANDIDATE	G-prior-complete	-	licensing/evidence/remote-install-materialization-20261003/source-hashes.json
packages/server/src/remote/remoteConnectionProgressContext.ts	35	af8e9a677ed73bbf874bc5756f91831062323f07aa355a978e832dfaf3f425a4	CANDIDATE	G-prior-complete	-	licensing/evidence/remote-support-progress-20261002/source-hashes.json
packages/server/src/remote/remoteDeployLock.ts	219	703e89111590b4e1e9070f710ec228d52a8bf872bdf4d391df5e30be3a06e24b	CANDIDATE	G-prior-complete	-	licensing/evidence/remote-deploy-lock-20261002/source-hashes.json
packages/server/src/remote/remotePlatformSupport.ts	7	a3e89d8b79cd24324b330e6ef53c7d7076b19e2f923605a5fd8471e91fb12a63	CANDIDATE	G-prior-complete	-	licensing/evidence/remote-support-progress-20261002/source-hashes.json
packages/server/src/remote/runtimeToolDeploy.ts	76	d91572b5ab545d8fea6c45ed1d5050939c52f232743f609cdb4265a45cfd71a2	CANDIDATE	G-prior-complete	-	licensing/evidence/runtime-agent-wrappers-20261003/source-hashes.json
packages/server/src/remote/serverBundleDeployCheck.ts	50	2d82793cf797f1e2f0731617751443e7b5360ebf5498b2a85bfb002db22f3504	CANDIDATE	G-prior-complete	-	licensing/evidence/remote-install-materialization-20261003/source-hashes.json
packages/server/src/remote/ssh-backend.ts	470	7e5e5fbb8a6c8c75b287d44753de51c39440d2de5676978574c30d343eec47a1	CANDIDATE	G-prior-complete	-	licensing/evidence/ssh-backend-owner-20261003/source-hashes.json
packages/server/src/remote/sshAuth.ts	93	fb33e8bb7ddaf22064a1eb341063cc9db07eb11914b2578cd000a86fafecf3db	CANDIDATE	G-prior-complete	-	licensing/evidence/ssh-auth-permission-owners-20261003/source-hashes.json
packages/server/src/remote/sshUploadProgress.ts	119	90810512ac42c2b2a795685d5f494c3827123d1f55f9107a9787127a8fb27941	UNCOVERED	root-active-PR12	12	-
packages/server/src/remote/stdio-socket.ts	41	afe41ca29e68c810c3afd320a49f6b66b56e6464dc16c2832dece3c00f268f6f	CANDIDATE	G-prior-complete	-	licensing/evidence/remote-transport-lifecycle-20261002/source-hashes.json
packages/server/src/remote/wsl-backend.ts	483	cd9b36191c7b3895a952242ce0cb8958293a63c79bcaee18aba40e35f001360e	CANDIDATE	G-prior-complete	-	licensing/evidence/docker-wsl-backend-lifecycle-20261003/source-hashes.json
packages/server/src/remote/wsl-detect.ts	129	b61734913096b7f6259e68a06533354d107c4d7898606f39cd62579f41c5ea8d	CANDIDATE	G-prior-complete	-	licensing/evidence/remote-platform-detection-20261002/source-hashes.json
packages/server/src/remote/wslProxy.ts	102	b68d3e73777995da4396fef5ab3944bcf486e164ff9bab7659517e9eada4adaf	CANDIDATE	G-prior-complete	-	licensing/evidence/docker-wsl-backend-lifecycle-20261003/source-hashes.json
